{"file_hashes":[{"block_hashes":["RBCdOmtOwTnaIUqFPtibVuSKtz9+jFBgHT2mpc9eh0s="],"block_size":4096,"path":"background.js"},{"block_hashes":["z1qcOHnTnBneoWJms6vvDlsKKr4DGTDZKT3IiW01OeE=","GT0dE5jA8limVXOaJj90qwWkNtd+ucERfj7MbpSymnE=","eN83VuvEYPArovo+9ZVzmlF53qbukQSAxl3Ut6krZMQ=","pXQDM1pdz93NLNaxr09zOvQfC/ILBWGqY61iYwwGK4E=","V/BB1wFyXvaZDTpTFop6CMuNzjf1DpX1NStOMNznN2c=","zWR0HZ7q9bPrmG/UmpNzeZuD9cu2z3ZkqoXwY8h9/F4=","ZSQ30Vda/U1wkbZ6ZnzdEU+SM/yK7f6x8sxltpKlAYg=","aOn0c40V2KOb+3u62NjAJVDKyi1tiVqpPHHm1V1Mxdw=","+f0ZtHYLQQEGWUxb2fQa3DojTneGTUXOy9YFJfEsClY=","zeiaon599p+YqZGiQ9MT98OanywcFQT8Sn9sy4BvEJE=","mYY/Ik95ySxdDzWMFatNPnS/qMyNyJ7nf5bUwc6gvO0=","DtFsDhViOXQ/Z8eWYTsvZyaE35nzqdVIfJl9aIs6CNQ=","3gBHfZfbLu/bcQF1ZxidyVII/f2oCdCmeLaCjlgZHP0=","2oMHz1O302xmS107kR/gCoI/fLMjB5A0mm2/ZheOZyg=","lUDp/+XkksI9zLpeyrpwGOIo747Y4U87fqCGDrKuk+Q=","UYHQtIXl6pSA6W0EZLG8Lizq2wrWw95LVyQJ5jDI9lQ=","P7fLQ1XQQJ/n2qnRZGLaQWch1r/BG9N/F9CBqR8uYYk=","0U8ZNNNpfpqfiYmlmhXqxuj9jNhH95Qdxfq6YZg48JM=","evqzDhLeaws2iXl4pUQOhGgDyGHhHhWWlYbC2YX2wiM=","DFUOJp5wbmB5hgR496eRsS+Q4VdFmUaUD+UamI2ThCo=","0Qm5UcURRg7ET7ScstV7g9nkrldLeXzkG64S+6cW0Ew=","GGVlBZBtRBNjHHi3KAJJcZR2xHYlVZNEkb+wpVdLpHM=","PMPDAlygILA9UcFkshpfEOwtjU43Sx7HXg75jpmcao8=","RHRkG8BlRmOr2umuPEni4QTGB8HZ7ivg7NvV5dATi6o=","W6E1rZFRvaXXKsyykuKnp2yXlAwjBqUfqM1ieKoalJE=","zq6ktzdb/YsckJUk6I6cXAk76DAeXP85pla2buWzVJU=","NjxGANjx+4u2m4z6vykSiMGNhGviujK2ZT9gU/f5WWI=","PuN+5yfhN5biibQO7H+9yvz1Ls2l3CVZt7NjjOSkf5w=","9UJRYYcnTKTfsGN4Fpu5iivdnl+lVcf5d0UnfU89IgM=","8zQh1gUFQJLPB639HAlIzV13cz6RGt8AIcocbjtlSqQ=","eoyfsWp/gkoTvCtYt3AVNF4hGzSjnWLjZaPog2RgjO8="],"block_size":4096,"path":"css/bootstrap.min.css"},{"block_hashes":["x8H3vJO6KKS4+GI97KSNjgGFZClwivRQxhVB7hJ7mhk=","cjmKtvlezysLIrcpUjE1/eezGj3QOxsKL94t5eAMPWg=","okvqaADJ1XLyLubudIo4/jmMtmadT6ss2+qdKKQwdzA=","Grvfrctd0d2maQtDOhpGdNTeLMbSu/bbhsuJ/7Z6eGc=","tK+KazDXXmTkYt0j95d1yTYiDsPJH0dZrBuXp8R9XMc="],"block_size":4096,"path":"css/glyphicons-halflings-regular.woff2"},{"block_hashes":["zQqgax7s4YYE6oFJm2QkD5NiBX2AArwZdvmGImyGL0U=","x7yoXVagEHoaoj1TvwG+mXDLGdy2rlbkfefz+MuoPIk=","4m+KcqHyEqhZfhHRYdjvcMaLiWmq8kG57dnXFBM8yA0=","KFWQQrTm6nQDPIym/tMw9LHjVPqow07H12dX5G14Ib0=","nTC4avYu3XPKfdxZbZiYtW2+LD2L5LgJDu6ZYlpFIyA="],"block_size":4096,"path":"fonts/glyphicons-halflings-regular.eot"},{"block_hashes":["DUIK+6TJHoEp2jz/YLIV7zUkVM/ZxwjyQWYnxBK509s=","EaJIT3GtLhdhg3tvJOYn2P5dzS5C8vr5AokL0ONmLHw=","sZ2L1G/3/cleL14J4US8rGlHj16NufwMNPSIjVnTHrg=","D67Vs5rnX2UVs/mVKloFe104qDdbYSpKnsvvmEOTBeo=","/cQP0QfV0v8engQgw96aXcauED4PXSEW4W9S6bvL1wE=","KyVrij5QPBLRcH4ES964CFj70Qjnp5tEHvOmfoxsP1w=","8f2TqS2fzr1gMc9BZg9Vw3JBiPHL5OD5q18F7m3JTow=","zo1YtWhNsKfH252COTV+Oo4tPmMD96L9hsMi7OQH0vw=","fi5ZEmMqb2V5Qoaf24KlM3HQ/zqZla+VBjZgQ2mxKW0=","QM2Aa69qUqql07oWX9DMbQfjfcuq8hGnm33gqQtCmzg=","G0c5Dkpv4bg0FSJOyi5ME2wzkxlilFBr6PAi3YOvfq8=","9a+NSOts/TGc3gOqJ7QPe9brvs/WaSIY5XRuW97SLyw=","Li2Wv6bY1qzBMWp1xdFfwVV3c5tfGa/UL8ZdIlfdFI8=","cWMV4XRYcbngrUYyt4TZFVW95aNZbwq/TH9OrW6rghI=","N7+GuiEpFGIxP251yQ7F1ktL9AAw2FK5fytwYuXrEjg=","wf1EEOHe+LdZ9bji09Iy//Vm2S/i0nYVxaacyowVSzU=","7xeSE89C6U+5W0sG/HeQZgIXDyVHhACxTumhnXAVE08=","I+IAGMaeqIebb7wNmSy0RFPaxXZHgwYkJfIEIuxBB4k=","4OzGv6KDnHXtmeWmyUML2ktNgtfjC4OsBS2Nu6nQ3s0=","rSKPol330BImFqKWPMfOaJgc0C7tmOE3+zmVseTXBsw=","tDVjIBbSVzLhvpAxWvj+o4w7lfVYPWoq6p/dEk8DGtI=","FPyIC609pdpgigaTauAOeKLZCCxrb8h6y2fqVw1cJ7o=","9+gYNgInDhMyGt80U7vGLoEfsH3oj7sltR8ZCVYo8rA=","QnfWd0GlbASOFt2Kihp990OjxjkT3tdJ5D5C8exUS68=","ag1P5rQCyxd/ZaHxTOU496h7VV4WfNDnzreGElkfmVg=","ZOh5vratCC7AkAR+YvKNcxrvGGzTxLCde/LIJLbHzxs=","WlIwEEGsSgfslJRC+VGcwQ+q42sWiDK9iBQh/a1K2BU="],"block_size":4096,"path":"fonts/glyphicons-halflings-regular.svg"},{"block_hashes":["UQj8MednkP0CqG93+1hlZyJQIciadgSIQlkzFPuqO9g=","3sCb/Ral8Y5shh+upo3ZR7gr1mI0msBjOtDvOfWSP+I=","ejnIlqNn6/Fakv8AQUVxAkrgSsRImTiQFmAxopjNdFA=","+L5zRUb1EB71EhgV9Fxo7ajdmKMcnq0SyZpyT7wIpa0=","IO8iChrU81ZJhPRC6q7d3V8L9CPoB1txCv0XP7JVAxA=","CkfllfXJ/oRgYeBZaWZ5d96ndjSzl8uktfNuiv1gTu4=","29HrB/SGUYYSTJfZRctxQgeEQKIY5UF1eMTNg84xLEE=","Jg3FaCS6EeWIDET69KrSbR1aejV8kl0tE3UqO4R26eY=","x8uslvxbe193tQlYrst8RFjBUqIqo4lWWnW9/zH5CDw=","c2hlBrl5UT79AV+ypuEeUmx8Y8awJLYlL4IKv2zvYbo=","6JyPFL+/Cyoa5sGRXhW1wsrYQJLnoo1S8zgxfOF2Pdc=","qRF25AvxvZp1VJbl5MM/5EG52WJw/1IQ7moAS3vhzVo="],"block_size":4096,"path":"fonts/glyphicons-halflings-regular.ttf"},{"block_hashes":["tZ4ReWw8lCN2x7lofUv3C6dqWH6iSH/i11YX7TMQ5jk=","3nCWhpueUFCeWduPaAaHIbx+gr8PorpnNeF0WBj+zIk=","AqugiJ1m1SQmGNLvZbpRZIHbL9z5p7VhEK7UC4s7ZZU=","sb08tG9DMsNqVy3eOd2ib2hsodvpCoUv0r4as5suLtI=","2+NvT+M34sDgWPMgxomx5GN1VcQgWyNlBwfFDex9LcA=","XS/N5mwnDp03UryRNjDEs1sjZjMxjPZAvaoJ64oemLA="],"block_size":4096,"path":"fonts/glyphicons-halflings-regular.woff"},{"block_hashes":["x8H3vJO6KKS4+GI97KSNjgGFZClwivRQxhVB7hJ7mhk=","cjmKtvlezysLIrcpUjE1/eezGj3QOxsKL94t5eAMPWg=","okvqaADJ1XLyLubudIo4/jmMtmadT6ss2+qdKKQwdzA=","Grvfrctd0d2maQtDOhpGdNTeLMbSu/bbhsuJ/7Z6eGc=","tK+KazDXXmTkYt0j95d1yTYiDsPJH0dZrBuXp8R9XMc="],"block_size":4096,"path":"fonts/glyphicons-halflings-regular.woff2"},{"block_hashes":["RyGOmzZOqhG/kOQelk3eoR0x1dQFDtEtsLW56nZwH2A=","IQ2A6uf1yXtF/HV7jUYqfgzz01X/L505z6Csw5xkAMA=","vF8KYB1hPmdV3SxWSz8phYTi63RhwsfIptCNBkp32eU="],"block_size":4096,"path":"img/AppsScriptSortableListFiles-128.png"},{"block_hashes":["ng2LmXZrxFVsPHylTvtxZmlNjBNTeYaEHbKhqrDSn10="],"block_size":4096,"path":"img/AppsScriptSortableListFiles-16.png"},{"block_hashes":["TAJNaIW5zxLQmifM6i+1Bo8yc79G+80LTQjD6ePEgFQ="],"block_size":4096,"path":"img/AppsScriptSortableListFiles-32.png"},{"block_hashes":["dFvuZ/dzE4bths94Lg5+WzZNNu+2W2SqA7JdTAAOm3k="],"block_size":4096,"path":"img/AppsScriptSortableListFiles-48.png"},{"block_hashes":["xE/YDeoFmp19O47fZ3Jf3Hg/Qhko2DZakdCAbEVFhd4=","lbfIPqLql8d4gKXo7Rx4X9ehrwQvnqM2JgtjcAL76I0="],"block_size":4096,"path":"img/icon1@128x128.png"},{"block_hashes":["FonwjTqLNBd081RYEVssPnM8sSyV34XB/Tgt0Y5PIEE="],"block_size":4096,"path":"img/icon1@16x16.png"},{"block_hashes":["kUWJUu+6PC8BWgawV3ez0RePq9QX3mkBdSbyGhqbduQ="],"block_size":4096,"path":"img/icon1@32x32.png"},{"block_hashes":["AJacYQMUiH2eSqtGTSkaueC3yMM5rAAyM7m83pG98d8="],"block_size":4096,"path":"img/icon1@48x48.png"},{"block_hashes":["TC0DhGhd54JWU1aW1UytXpze4n3rzjVOzfxVdUqTXMI="],"block_size":4096,"path":"img/icon@16x16.png"},{"block_hashes":["iPjAVQgCd+HGi6mgqllJfnkZBTeUnVtBz3Bj8U4vvxs="],"block_size":4096,"path":"img/icon@48x48.png"},{"block_hashes":["Fa5j6BbLaraPHk9SvmBb0HezSiiMwcHh5Y8OorUj4Eo=","Nvro01pDSu8SHe5piKseeViZq+H4ySt5AodKqpdKfKM="],"block_size":4096,"path":"img/Software-ALL-41.png"},{"block_hashes":["VUVPX9Txo8QwI/L3DLO3J29wVLhjHB1SvHCb877Rm6s="],"block_size":4096,"path":"img/ts4cd7.svg"},{"block_hashes":["3jPMyop60cnxNFV/Yee087ghbHdQ32My8M60vStlcjg="],"block_size":4096,"path":"img/vectorpaint.png"},{"block_hashes":["33/6Pws3E+SR+uRkPuvFwjN6S3hT647mc490oyOXayM="],"block_size":4096,"path":"img/vectorpaint.svg"},{"block_hashes":["VTal3W87H3ndCQmSno/1ObHrZPZ5WQxXA8b8EAGN9+8="],"block_size":4096,"path":"img/vectorpaint@16x16_a.png"},{"block_hashes":["RJFcG4Vde2Q373sv/SZASZYaT+3ZVoECvCvWxIzL1Vg="],"block_size":4096,"path":"js/evt.js"},{"block_hashes":["ctMapPYvPVOC1cNKPDrPzzbC4yZXtj2xqqtV8EFe2k0=","tpPxtIQIDOMTGOEtZSK2m9IgLRD1Az3xv/Iyjgc16a8=","PkbjqyCArpH2xxlFo7WAacUi4eE8qFy3TOX11q4l7+Q=","3UL/xYRxGYqe8P8etmNadlMd4YewqE62zjD3LM12ygg=","0LmbpMt6qrkIJtRCwj3r5GZuqrt35LDTC8yToFIIxjc="],"block_size":4096,"path":"js/fetpl.js"},{"block_hashes":["uu16Uh/Zt4YU3vG3PgyjaZEu9ZB7csidWDFdWnGjHak=","/VWBznXOmM8sV0amoE+LBARdTzNnjVkdwz3dYZ9NEnk=","Pi2u5f0APWAgNQiu8LbqXtc073tTRqGF474VpJQNkYU=","en0tZtcLMYaRvnRuS4zu0RG07eKVnRLsZ6dzUNcje8M=","UZJV95noreEYEgPpkMK9FVXXtPN0ouqNfKa3GoY/8nU=","YeyByCL7dgcn20wsAwYtOQV3tUdkr7bSkKWWGq+CEDY=","i53dr0mMGk2D0PddXmp1n78M0CRMkI4n2bPQVIRtYXk=","oAKYHCqocoMjfGvKNEzRJRyXy8QUJoHtGpEk5r2pYZs=","tI8BiLgStZfStB9mKjVAUiRy/fKuAKSxddngGVyHOKI=","uTXwa7LYJXt+8dHMyAT43AzhIhXIBB0bytHmSWswcrU="],"block_size":4096,"path":"js/hui.js"},{"block_hashes":["1X7tgwlu98kEHbrE7lNMPM1a26TEFQrLY8vImBn0nE0="],"block_size":4096,"path":"on.html"},{"block_hashes":["HhD5OBM/ca6gaEHtHZwAS11FNUKyAUVp3ckeR5s9m2M=","VeCUlT2838ZWfENWGQm+UEdlrC11y3Mx0+0TJzG5Rok=","qoWPSOfwxVOZoj6gWttTvy1E5sP4FU4n9fhXnZ7h9ng=","NSD5AFNaMgHbBAag/H+nHC23g2ds8icFmUXp8x0aU+Y=","CX3AbwQ6WwOrkyRmd72E7Ru3Imh7UVZ9mQeNBvFSAlE="],"block_size":4096,"path":"options.html"},{"block_hashes":["Fw8qhvj0rpBPoBV4puFfxS3IT3CuZzusiGi7fBlzM8E=","3CvlMUYzVgdQpwT8GQhTujpFdDi+bytYehAcxx3z93k=","19QJSUcb/yQ7Tu9WE77UH/PuMO71KuXiWhjzIiibWDQ=","vZizCPqljMNjHZWx54Kmegdz404JQ0RkluP2yQUgXSE="],"block_size":4096,"path":"options.js"},{"block_hashes":["/AWprNLr2wIi6eh4qb4H8/vuirqjF97c+NtNt4w6Agc="],"block_size":4096,"path":"popup.html"},{"block_hashes":["5l88yppGN8NFk8W03FaY1jaLkc5D9tJic6cMQwpmtx8="],"block_size":4096,"path":"popup.js"},{"block_hashes":["5YYAv187N3k8UkrojNdIYnVJ1uiZXl9gwwXg9v2aVfA="],"block_size":4096,"path":"README.md"}],"version":2}